{
  "l8": {
    "n": 482,
    "TP": 167,
    "FN": 104,
    "FP": 31,
    "TN": 177,
    "abstain": 3,
    "acc": 0.7181628392484343,
    "sens": 0.6162361623616236,
    "spec": 0.8509615384615384
  },
  "m12": {
    "n": 482,
    "TP": 181,
    "FN": 90,
    "FP": 30,
    "TN": 178,
    "abstain": 3,
    "acc": 0.7494780793319415,
    "sens": 0.6678966789667896,
    "spec": 0.8557692307692307
  },
  "mono_baseline": 0.8394,
  "m_phase_attribution": {
    "regex_substrate_match": 5,
    "cascade_terminal_match": 1,
    "chain_match": 1
  },
  "flips_to_correct_count": 29,
  "fp_closures_count": 7,
  "regressions_tp_fn": 15,
  "regressions_tn_fp": 6
}