{
  "n_records": 9342,
  "n_correct": 5416,
  "n_incorrect": 3926,
  "seed": 20260408,
  "v11_overall_accuracy": 0.787,
  "v11_type_accuracy": {
    "Dephosphorylation": 0.583,
    "Phosphorylation": 0.8,
    "Autophosphorylation": 0.8,
    "IncreaseAmount": 0.82,
    "DecreaseAmount": 0.82,
    "Activation": 0.78,
    "Inhibition": 0.78,
    "Complex": 0.75
  },
  "models": {
    "parametric_recal": {
      "auprc": 0.7562698866340483,
      "brier": 0.3517870516431531,
      "ece": 0.3346804030954664
    },
    "hard_gate_oracle": {
      "auprc": 0.7678816611602235,
      "brier": 0.31400580927889976,
      "ece": 0.29823030923510113
    },
    "hard_gate_realistic": {
      "auprc": 0.7610232346511115,
      "brier": 0.3317089328457972,
      "ece": 0.3164216802706272
    },
    "indra_belief": {
      "auprc": 0.7030259970819832,
      "brier": 0.3557009108504981,
      "ece": 0.296345421617693
    }
  },
  "false_gate_analysis": {
    "overall_false_gate_rate": 0.22064254062038405,
    "overall_false_pass_rate": 0.22261844116148752,
    "n_false_gates": 1195,
    "n_false_passes": 874
  }
}